{
  "total_return": -0.021320,
  "max_drawdown": 0.022320,
  "trade_count": 25,
  "win_rate": 0.320000,
  "avg_trade_pnl": -8.528000,
  "sharpe": -0.002675
}
