{
  "total_return": -0.009860,
  "max_drawdown": 0.018920,
  "trade_count": 26,
  "win_rate": 0.307692,
  "avg_trade_pnl": -3.792308,
  "sharpe": -0.001193
}
