{
  "total_return": -0.417910,
  "max_drawdown": 0.422373,
  "trade_count": 111,
  "win_rate": 0.324324,
  "avg_trade_pnl": -37.649550
}
