{
  "total_return": -0.019660,
  "max_drawdown": 0.020660,
  "trade_count": 26,
  "win_rate": 0.307692,
  "avg_trade_pnl": -7.561538,
  "sharpe": -0.002444
}
