{
  "total_return": -0.083300,
  "max_drawdown": 0.084360,
  "trade_count": 40,
  "win_rate": 0.200000,
  "avg_trade_pnl": -20.825000,
  "sharpe": -0.004818
}
