{
  "total_return": -0.112880,
  "max_drawdown": 0.112880,
  "trade_count": 18,
  "win_rate": 0.055556,
  "avg_trade_pnl": -62.711111
}
