{
  "total_return": 0.007600,
  "max_drawdown": 0.017569,
  "trade_count": 18,
  "win_rate": 0.333333,
  "avg_trade_pnl": 4.222222,
  "sharpe": 0.002550
}
