{
  "total_return": -0.006360,
  "max_drawdown": 0.025172,
  "trade_count": 17,
  "win_rate": 0.529412,
  "avg_trade_pnl": -3.741176,
  "sharpe": -0.000821
}
