{
  "total_return": -0.065040,
  "max_drawdown": 0.071680,
  "trade_count": 63,
  "win_rate": 0.063492,
  "avg_trade_pnl": -10.323810,
  "sharpe": -0.008870
}
