{
  "total_return": -0.003680,
  "max_drawdown": 0.014799,
  "trade_count": 16,
  "win_rate": 0.500000,
  "avg_trade_pnl": -2.300000,
  "sharpe": -0.001006
}
