{
  "total_return": -0.000100,
  "max_drawdown": 0.009127,
  "trade_count": 12,
  "win_rate": 0.416667,
  "avg_trade_pnl": -0.083333,
  "sharpe": 0.000021
}
