{
  "total_return": 0.004540,
  "max_drawdown": 0.008664,
  "trade_count": 11,
  "win_rate": 0.636364,
  "avg_trade_pnl": 4.127273,
  "sharpe": 0.002582
}
