{
  "total_return": -0.007900,
  "max_drawdown": 0.011931,
  "trade_count": 30,
  "win_rate": 0.133333,
  "avg_trade_pnl": -2.633333,
  "sharpe": -0.004054
}
