{
  "total_return": -0.003580,
  "max_drawdown": 0.014797,
  "trade_count": 16,
  "win_rate": 0.500000,
  "avg_trade_pnl": -2.237500,
  "sharpe": -0.000975
}
