{
  "total_return": -0.419110,
  "max_drawdown": 0.423565,
  "trade_count": 111,
  "win_rate": 0.315315,
  "avg_trade_pnl": -37.757658
}
