{
  "total_return": -0.012610,
  "max_drawdown": 0.014790,
  "trade_count": 26,
  "win_rate": 0.538462,
  "avg_trade_pnl": -4.850000
}
