{
  "total_return": -0.009720,
  "max_drawdown": 0.018708,
  "trade_count": 18,
  "win_rate": 0.111111,
  "avg_trade_pnl": -5.400000,
  "sharpe": -0.002091
}
