{
  "total_return": -0.024940,
  "max_drawdown": 0.025880,
  "trade_count": 47,
  "win_rate": 0.191489,
  "avg_trade_pnl": -5.306383,
  "sharpe": -0.004654
}
