{
  "total_return": -0.023340,
  "max_drawdown": 0.024340,
  "trade_count": 28,
  "win_rate": 0.250000,
  "avg_trade_pnl": -8.335714,
  "sharpe": -0.002996
}
