{
  "total_return": -0.008040,
  "max_drawdown": 0.009079,
  "trade_count": 27,
  "win_rate": 0.296296,
  "avg_trade_pnl": -2.977778,
  "sharpe": -0.002020
}
