{
  "total_return": -0.006660,
  "max_drawdown": 0.015160,
  "trade_count": 18,
  "win_rate": 0.388889,
  "avg_trade_pnl": -3.700000,
  "sharpe": -0.002039
}
