{
  "total_return": -0.011260,
  "max_drawdown": 0.012299,
  "trade_count": 28,
  "win_rate": 0.250000,
  "avg_trade_pnl": -4.021429,
  "sharpe": -0.002953
}
