{
  "total_return": -0.034480,
  "max_drawdown": 0.035160,
  "trade_count": 30,
  "win_rate": 0.233333,
  "avg_trade_pnl": -11.493333,
  "sharpe": -0.005612
}
