{
  "total_return": -0.029060,
  "max_drawdown": 0.030000,
  "trade_count": 48,
  "win_rate": 0.166667,
  "avg_trade_pnl": -6.054167,
  "sharpe": -0.005506
}
