{
  "total_return": -0.010420,
  "max_drawdown": 0.018721,
  "trade_count": 18,
  "win_rate": 0.111111,
  "avg_trade_pnl": -5.788889,
  "sharpe": -0.002252
}
