{
  "total_return": -0.424400,
  "max_drawdown": 0.428252,
  "trade_count": 115,
  "win_rate": 0.286957,
  "avg_trade_pnl": -36.904348
}
