{
  "total_return": -0.010580,
  "max_drawdown": 0.010920,
  "trade_count": 19,
  "win_rate": 0.105263,
  "avg_trade_pnl": -5.568421,
  "sharpe": -0.005074
}
