{
  "total_return": -0.029580,
  "max_drawdown": 0.030000,
  "trade_count": 17,
  "win_rate": 0.176471,
  "avg_trade_pnl": -17.400000,
  "sharpe": -0.004172
}
