{
  "total_return": -0.007340,
  "max_drawdown": 0.009855,
  "trade_count": 37,
  "win_rate": 0.054054,
  "avg_trade_pnl": -1.983784,
  "sharpe": -0.004002
}
