{
  "total_return": -0.001940,
  "max_drawdown": 0.003635,
  "trade_count": 12,
  "win_rate": 0.250000,
  "avg_trade_pnl": -1.616667,
  "sharpe": -0.001677
}
