{
  "total_return": -0.017700,
  "max_drawdown": 0.022232,
  "trade_count": 15,
  "win_rate": 0.133333,
  "avg_trade_pnl": -11.800000,
  "sharpe": -0.004285
}
