{
  "total_return": -0.042840,
  "max_drawdown": 0.044187,
  "trade_count": 24,
  "win_rate": 0.333333,
  "avg_trade_pnl": -17.850000,
  "sharpe": -0.002439
}
