{
  "total_return": -0.202090,
  "max_drawdown": 0.206636,
  "trade_count": 30,
  "win_rate": 0.233333,
  "avg_trade_pnl": -67.363333
}
