{
  "total_return": -0.020580,
  "max_drawdown": 0.038049,
  "trade_count": 28,
  "win_rate": 0.321429,
  "avg_trade_pnl": -7.350000,
  "sharpe": -0.001013
}
