{
  "total_return": -0.028120,
  "max_drawdown": 0.035080,
  "trade_count": 35,
  "win_rate": 0.085714,
  "avg_trade_pnl": -8.034286,
  "sharpe": -0.003951
}
