{
  "total_return": -0.002760,
  "max_drawdown": 0.007566,
  "trade_count": 18,
  "win_rate": 0.388889,
  "avg_trade_pnl": -1.533333,
  "sharpe": -0.001486
}
