{
  "total_return": -0.030480,
  "max_drawdown": 0.030900,
  "trade_count": 14,
  "win_rate": 0.142857,
  "avg_trade_pnl": -21.771429,
  "sharpe": -0.005149
}
