{
  "total_return": -0.024020,
  "max_drawdown": 0.024700,
  "trade_count": 18,
  "win_rate": 0.111111,
  "avg_trade_pnl": -13.344444,
  "sharpe": -0.005202
}
