{
  "total_return": -0.003920,
  "max_drawdown": 0.009556,
  "trade_count": 16,
  "win_rate": 0.125000,
  "avg_trade_pnl": -2.450000,
  "sharpe": -0.002149
}
