{
  "total_return": -0.006800,
  "max_drawdown": 0.025612,
  "trade_count": 18,
  "win_rate": 0.500000,
  "avg_trade_pnl": -3.777778,
  "sharpe": -0.000896
}
