{
  "total_return": -0.044080,
  "max_drawdown": 0.044500,
  "trade_count": 17,
  "win_rate": 0.176471,
  "avg_trade_pnl": -25.929412,
  "sharpe": -0.006027
}
