{
  "total_return": -0.058420,
  "max_drawdown": 0.075600,
  "trade_count": 45,
  "win_rate": 0.200000,
  "avg_trade_pnl": -12.982222,
  "sharpe": -0.003488
}
