{
  "total_return": -0.026180,
  "max_drawdown": 0.027356,
  "trade_count": 23,
  "win_rate": 0.347826,
  "avg_trade_pnl": -11.382609
}
