{
  "total_return": 0.004100,
  "max_drawdown": 0.008668,
  "trade_count": 12,
  "win_rate": 0.583333,
  "avg_trade_pnl": 3.416667,
  "sharpe": 0.002340
}
