{
  "total_return": -0.012400,
  "max_drawdown": 0.018406,
  "trade_count": 36,
  "win_rate": 0.083333,
  "avg_trade_pnl": -3.444444,
  "sharpe": -0.003250
}
