{
  "total_return": -0.001640,
  "max_drawdown": 0.022068,
  "trade_count": 16,
  "win_rate": 0.125000,
  "avg_trade_pnl": -1.025000,
  "sharpe": -0.000016
}
