{
  "total_return": -0.021040,
  "max_drawdown": 0.021380,
  "trade_count": 32,
  "win_rate": 0.187500,
  "avg_trade_pnl": -6.575000,
  "sharpe": -0.006769
}
