{
  "total_return": -0.020180,
  "max_drawdown": 0.027559,
  "trade_count": 30,
  "win_rate": 0.233333,
  "avg_trade_pnl": -6.726667,
  "sharpe": -0.003268
}
