{
  "total_return": -0.037100,
  "max_drawdown": 0.037800,
  "trade_count": 65,
  "win_rate": 0.061538,
  "avg_trade_pnl": -5.707692,
  "sharpe": -0.009496
}
