{
  "total_return": -0.032580,
  "max_drawdown": 0.033000,
  "trade_count": 14,
  "win_rate": 0.142857,
  "avg_trade_pnl": -23.271429,
  "sharpe": -0.005500
}
