{
  "total_return": -0.004680,
  "max_drawdown": 0.009682,
  "trade_count": 19,
  "win_rate": 0.105263,
  "avg_trade_pnl": -2.463158,
  "sharpe": -0.002294
}
