{
  "total_return": -0.000640,
  "max_drawdown": 0.005243,
  "trade_count": 12,
  "win_rate": 0.416667,
  "avg_trade_pnl": -0.533333,
  "sharpe": -0.000379
}
