{
  "total_return": -0.002980,
  "max_drawdown": 0.014799,
  "trade_count": 16,
  "win_rate": 0.500000,
  "avg_trade_pnl": -1.862500,
  "sharpe": -0.000786
}
