{
  "total_return": -0.055120,
  "max_drawdown": 0.056100,
  "trade_count": 48,
  "win_rate": 0.187500,
  "avg_trade_pnl": -11.483333,
  "sharpe": -0.006036
}
