{
  "total_return": 0.000160,
  "max_drawdown": 0.007916,
  "trade_count": 17,
  "win_rate": 0.470588,
  "avg_trade_pnl": 0.094118,
  "sharpe": 0.000175
}
