{
  "total_return": -0.003380,
  "max_drawdown": 0.025272,
  "trade_count": 16,
  "win_rate": 0.562500,
  "avg_trade_pnl": -2.112500,
  "sharpe": -0.000296
}
