{
  "total_return": -0.025860,
  "max_drawdown": 0.026800,
  "trade_count": 48,
  "win_rate": 0.187500,
  "avg_trade_pnl": -5.387500,
  "sharpe": -0.004834
}
