{
  "total_return": -0.032180,
  "max_drawdown": 0.032600,
  "trade_count": 17,
  "win_rate": 0.117647,
  "avg_trade_pnl": -18.929412,
  "sharpe": -0.004555
}
