{
  "total_return": -0.025120,
  "max_drawdown": 0.025800,
  "trade_count": 18,
  "win_rate": 0.111111,
  "avg_trade_pnl": -13.955556,
  "sharpe": -0.005442
}
