{
  "total_return": -0.019460,
  "max_drawdown": 0.019460,
  "trade_count": 55,
  "win_rate": 0.109091,
  "avg_trade_pnl": -3.538182,
  "sharpe": -0.006658
}
