{
  "total_return": -0.027280,
  "max_drawdown": 0.033975,
  "trade_count": 30,
  "win_rate": 0.233333,
  "avg_trade_pnl": -9.093333,
  "sharpe": -0.004304
}
