{
  "total_return": -0.004300,
  "max_drawdown": 0.006329,
  "trade_count": 30,
  "win_rate": 0.133333,
  "avg_trade_pnl": -1.433333,
  "sharpe": -0.003254
}
