{
  "total_return": -0.073060,
  "max_drawdown": 0.073260,
  "trade_count": 52,
  "win_rate": 0.269231,
  "avg_trade_pnl": -14.050000,
  "sharpe": -0.006505
}
