{
  "total_return": -0.090120,
  "max_drawdown": 0.091180,
  "trade_count": 43,
  "win_rate": 0.162791,
  "avg_trade_pnl": -20.958140,
  "sharpe": -0.005274
}
