{
  "total_return": -0.065480,
  "max_drawdown": 0.082660,
  "trade_count": 46,
  "win_rate": 0.173913,
  "avg_trade_pnl": -14.234783,
  "sharpe": -0.003995
}
