{
  "total_return": -0.022980,
  "max_drawdown": 0.025900,
  "trade_count": 59,
  "win_rate": 0.203390,
  "avg_trade_pnl": -3.894915,
  "sharpe": -0.007413
}
