{
  "total_return": -0.095160,
  "max_drawdown": 0.095360,
  "trade_count": 48,
  "win_rate": 0.250000,
  "avg_trade_pnl": -19.825000,
  "sharpe": -0.007866
}
