{
  "total_return": -0.403100,
  "max_drawdown": 0.404949,
  "trade_count": 105,
  "win_rate": 0.380952,
  "avg_trade_pnl": -38.390476
}
