{
  "total_return": -0.003640,
  "max_drawdown": 0.024833,
  "trade_count": 15,
  "win_rate": 0.600000,
  "avg_trade_pnl": -2.426667,
  "sharpe": -0.000340
}
