{
  "total_return": -0.008100,
  "max_drawdown": 0.018639,
  "trade_count": 15,
  "win_rate": 0.133333,
  "avg_trade_pnl": -5.400000,
  "sharpe": -0.001915
}
