{
  "total_return": -0.014240,
  "max_drawdown": 0.023300,
  "trade_count": 28,
  "win_rate": 0.250000,
  "avg_trade_pnl": -5.085714,
  "sharpe": -0.001886
}
