{
  "total_return": -0.038560,
  "max_drawdown": 0.044620,
  "trade_count": 54,
  "win_rate": 0.222222,
  "avg_trade_pnl": -7.140741,
  "sharpe": -0.006299
}
