{
  "total_return": -0.008800,
  "max_drawdown": 0.018652,
  "trade_count": 15,
  "win_rate": 0.133333,
  "avg_trade_pnl": -5.866667,
  "sharpe": -0.002092
}
