{
  "total_return": -0.079740,
  "max_drawdown": 0.079940,
  "trade_count": 49,
  "win_rate": 0.265306,
  "avg_trade_pnl": -16.273469,
  "sharpe": -0.007003
}
