{
  "total_return": -0.051120,
  "max_drawdown": 0.052100,
  "trade_count": 43,
  "win_rate": 0.232558,
  "avg_trade_pnl": -11.888372,
  "sharpe": -0.005549
}
