{
  "total_return": -0.095260,
  "max_drawdown": 0.095460,
  "trade_count": 48,
  "win_rate": 0.229167,
  "avg_trade_pnl": -19.845833,
  "sharpe": -0.007875
}
