{
  "total_return": -0.021840,
  "max_drawdown": 0.023870,
  "trade_count": 54,
  "win_rate": 0.148148,
  "avg_trade_pnl": -4.044444,
  "sharpe": -0.005435
}
