{
  "total_return": -0.146880,
  "max_drawdown": 0.148410,
  "trade_count": 69,
  "win_rate": 0.289855,
  "avg_trade_pnl": -21.295652
}
