{
  "total_return": -0.003440,
  "max_drawdown": 0.008509,
  "trade_count": 27,
  "win_rate": 0.296296,
  "avg_trade_pnl": -1.274074,
  "sharpe": -0.000846
}
