{
  "total_return": -0.024900,
  "max_drawdown": 0.025899,
  "trade_count": 27,
  "win_rate": 0.259259,
  "avg_trade_pnl": -9.222222,
  "sharpe": -0.003215
}
