{
  "total_return": -0.021160,
  "max_drawdown": 0.026130,
  "trade_count": 48,
  "win_rate": 0.187500,
  "avg_trade_pnl": -4.408333,
  "sharpe": -0.004069
}
