{
  "total_return": -0.028880,
  "max_drawdown": 0.029300,
  "trade_count": 14,
  "win_rate": 0.142857,
  "avg_trade_pnl": -20.628571,
  "sharpe": -0.004885
}
