{
  "total_return": -0.000140,
  "max_drawdown": 0.003564,
  "trade_count": 12,
  "win_rate": 0.416667,
  "avg_trade_pnl": -0.116667,
  "sharpe": -0.000070
}
