{
  "total_return": -0.012140,
  "max_drawdown": 0.016126,
  "trade_count": 32,
  "win_rate": 0.187500,
  "avg_trade_pnl": -3.793750,
  "sharpe": -0.004001
}
