{
  "total_return": -0.035820,
  "max_drawdown": 0.037169,
  "trade_count": 25,
  "win_rate": 0.360000,
  "avg_trade_pnl": -14.328000,
  "sharpe": -0.001940
}
