{
  "total_return": 0.001500,
  "max_drawdown": 0.011556,
  "trade_count": 20,
  "win_rate": 0.100000,
  "avg_trade_pnl": 0.750000,
  "sharpe": 0.000617
}
