{
  "total_return": -0.015340,
  "max_drawdown": 0.019323,
  "trade_count": 32,
  "win_rate": 0.187500,
  "avg_trade_pnl": -4.793750,
  "sharpe": -0.004880
}
