{
  "total_return": -0.077700,
  "max_drawdown": 0.078120,
  "trade_count": 27,
  "win_rate": 0.222222,
  "avg_trade_pnl": -28.777778,
  "sharpe": -0.006482
}
