{
  "total_return": -0.040390,
  "max_drawdown": 0.046342,
  "trade_count": 14,
  "win_rate": 0.285714,
  "avg_trade_pnl": -28.850000
}
