{
  "total_return": 0.002760,
  "max_drawdown": 0.003394,
  "trade_count": 12,
  "win_rate": 0.500000,
  "avg_trade_pnl": 2.300000,
  "sharpe": 0.002274
}
