{
  "total_return": -0.290280,
  "max_drawdown": 0.291694,
  "trade_count": 129,
  "win_rate": 0.310078,
  "avg_trade_pnl": -22.506977
}
