{
  "total_return": -0.006720,
  "max_drawdown": 0.009556,
  "trade_count": 16,
  "win_rate": 0.125000,
  "avg_trade_pnl": -4.200000,
  "sharpe": -0.003687
}
