{
  "total_return": -0.025380,
  "max_drawdown": 0.030350,
  "trade_count": 49,
  "win_rate": 0.163265,
  "avg_trade_pnl": -5.179592,
  "sharpe": -0.004970
}
