{
  "total_return": -0.016600,
  "max_drawdown": 0.021819,
  "trade_count": 15,
  "win_rate": 0.133333,
  "avg_trade_pnl": -11.066667,
  "sharpe": -0.004015
}
