{
  "total_return": -0.004940,
  "max_drawdown": 0.022103,
  "trade_count": 19,
  "win_rate": 0.105263,
  "avg_trade_pnl": -2.600000,
  "sharpe": -0.000595
}
