{
  "total_return": 0.002360,
  "max_drawdown": 0.005227,
  "trade_count": 12,
  "win_rate": 0.500000,
  "avg_trade_pnl": 1.966667,
  "sharpe": 0.001621
}
