{
  "total_return": -0.022500,
  "max_drawdown": 0.022500,
  "trade_count": 70,
  "win_rate": 0.057143,
  "avg_trade_pnl": -3.214286,
  "sharpe": -0.011881
}
