{
  "total_return": 0.000580,
  "max_drawdown": 0.005798,
  "trade_count": 21,
  "win_rate": 0.095238,
  "avg_trade_pnl": 0.276190,
  "sharpe": 0.000438
}
