{
  "total_return": -0.010380,
  "max_drawdown": 0.010720,
  "trade_count": 19,
  "win_rate": 0.105263,
  "avg_trade_pnl": -5.463158,
  "sharpe": -0.004978
}
