{
  "total_return": -0.024220,
  "max_drawdown": 0.024560,
  "trade_count": 31,
  "win_rate": 0.193548,
  "avg_trade_pnl": -7.812903,
  "sharpe": -0.007513
}
