{
  "total_return": 0.001440,
  "max_drawdown": 0.005796,
  "trade_count": 18,
  "win_rate": 0.111111,
  "avg_trade_pnl": 0.800000,
  "sharpe": 0.000973
}
