{
  "total_return": 0.007440,
  "max_drawdown": 0.008639,
  "trade_count": 11,
  "win_rate": 0.727273,
  "avg_trade_pnl": 6.763636,
  "sharpe": 0.004022
}
