{
  "total_return": -0.062760,
  "max_drawdown": 0.063180,
  "trade_count": 28,
  "win_rate": 0.214286,
  "avg_trade_pnl": -22.414286,
  "sharpe": -0.005281
}
