{
  "total_return": -0.017160,
  "max_drawdown": 0.034630,
  "trade_count": 26,
  "win_rate": 0.346154,
  "avg_trade_pnl": -6.600000,
  "sharpe": -0.000737
}
