{
  "total_return": -0.083240,
  "max_drawdown": 0.084300,
  "trade_count": 45,
  "win_rate": 0.177778,
  "avg_trade_pnl": -18.497778,
  "sharpe": -0.004832
}
