{
  "total_return": -0.045160,
  "max_drawdown": 0.046506,
  "trade_count": 26,
  "win_rate": 0.307692,
  "avg_trade_pnl": -17.369231,
  "sharpe": -0.002621
}
