{
  "total_return": -0.055740,
  "max_drawdown": 0.056720,
  "trade_count": 46,
  "win_rate": 0.195652,
  "avg_trade_pnl": -12.117391,
  "sharpe": -0.006107
}
