{
  "total_return": -0.060740,
  "max_drawdown": 0.061160,
  "trade_count": 29,
  "win_rate": 0.275862,
  "avg_trade_pnl": -20.944828,
  "sharpe": -0.005344
}
