{
  "total_return": -0.046180,
  "max_drawdown": 0.046640,
  "trade_count": 52,
  "win_rate": 0.230769,
  "avg_trade_pnl": -8.880769,
  "sharpe": -0.007457
}
