{
  "total_return": -2.985900,
  "max_drawdown": 2.987901,
  "trade_count": 1295,
  "win_rate": 0.305019,
  "avg_trade_pnl": -23.057143
}
