{
  "total_return": -0.027580,
  "max_drawdown": 0.028000,
  "trade_count": 14,
  "win_rate": 0.142857,
  "avg_trade_pnl": -19.700000,
  "sharpe": -0.004668
}
