{
  "total_return": -0.000540,
  "max_drawdown": 0.005242,
  "trade_count": 12,
  "win_rate": 0.416667,
  "avg_trade_pnl": -0.450000,
  "sharpe": -0.000309
}
