{
  "total_return": -0.046240,
  "max_drawdown": 0.046660,
  "trade_count": 29,
  "win_rate": 0.275862,
  "avg_trade_pnl": -15.944828,
  "sharpe": -0.004079
}
