{
  "total_return": -0.006560,
  "max_drawdown": 0.015138,
  "trade_count": 18,
  "win_rate": 0.388889,
  "avg_trade_pnl": -3.644444,
  "sharpe": -0.002006
}
