{
  "total_return": -0.050800,
  "max_drawdown": 0.051780,
  "trade_count": 45,
  "win_rate": 0.222222,
  "avg_trade_pnl": -11.288889,
  "sharpe": -0.005513
}
