{
  "total_return": -0.046120,
  "max_drawdown": 0.055160,
  "trade_count": 48,
  "win_rate": 0.187500,
  "avg_trade_pnl": -9.608333,
  "sharpe": -0.005287
}
