{
  "total_return": -0.087960,
  "max_drawdown": 0.088160,
  "trade_count": 52,
  "win_rate": 0.250000,
  "avg_trade_pnl": -16.915385,
  "sharpe": -0.007360
}
