{
  "total_return": -0.000560,
  "max_drawdown": 0.005878,
  "trade_count": 18,
  "win_rate": 0.222222,
  "avg_trade_pnl": -0.311111,
  "sharpe": -0.000373
}
