{
  "total_return": -0.053340,
  "max_drawdown": 0.053800,
  "trade_count": 51,
  "win_rate": 0.235294,
  "avg_trade_pnl": -10.458824,
  "sharpe": -0.008304
}
