{
  "total_return": -0.038140,
  "max_drawdown": 0.039488,
  "trade_count": 27,
  "win_rate": 0.333333,
  "avg_trade_pnl": -14.125926,
  "sharpe": -0.002121
}
