{
  "total_return": -0.077800,
  "max_drawdown": 0.078220,
  "trade_count": 27,
  "win_rate": 0.185185,
  "avg_trade_pnl": -28.814815,
  "sharpe": -0.006491
}
