{
  "total_return": -0.411580,
  "max_drawdown": 0.415737,
  "trade_count": 108,
  "win_rate": 0.342593,
  "avg_trade_pnl": -38.109259
}
