{
  "total_return": -0.026080,
  "max_drawdown": 0.029000,
  "trade_count": 59,
  "win_rate": 0.203390,
  "avg_trade_pnl": -4.420339,
  "sharpe": -0.008109
}
