{
  "total_return": -0.041640,
  "max_drawdown": 0.042320,
  "trade_count": 29,
  "win_rate": 0.241379,
  "avg_trade_pnl": -14.358621,
  "sharpe": -0.006543
}
