{
  "total_return": -0.045560,
  "max_drawdown": 0.051620,
  "trade_count": 54,
  "win_rate": 0.222222,
  "avg_trade_pnl": -8.437037,
  "sharpe": -0.007173
}
