{
  "total_return": 0.002460,
  "max_drawdown": 0.005226,
  "trade_count": 12,
  "win_rate": 0.500000,
  "avg_trade_pnl": 2.050000,
  "sharpe": 0.001686
}
