{
  "total_return": -0.029780,
  "max_drawdown": 0.030720,
  "trade_count": 49,
  "win_rate": 0.163265,
  "avg_trade_pnl": -6.077551,
  "sharpe": -0.005649
}
