{
  "total_return": 0.000000,
  "max_drawdown": 0.000000,
  "trade_count": 0,
  "win_rate": 0.000000,
  "avg_trade_pnl": 0.000000
}
