{
  "total_return": -0.347750,
  "max_drawdown": 0.350676,
  "trade_count": 150,
  "win_rate": 0.366667,
  "avg_trade_pnl": -23.183333
}
