{
  "total_return": -0.040980,
  "max_drawdown": 0.050020,
  "trade_count": 47,
  "win_rate": 0.212766,
  "avg_trade_pnl": -8.719149,
  "sharpe": -0.004637
}
