{
  "total_return": -0.031400,
  "max_drawdown": 0.031520,
  "trade_count": 55,
  "win_rate": 0.218182,
  "avg_trade_pnl": -5.709091,
  "sharpe": -0.009525
}
