{
  "total_return": -0.013820,
  "max_drawdown": 0.014790,
  "trade_count": 22,
  "win_rate": 0.500000,
  "avg_trade_pnl": -6.281818
}
