{
  "total_return": 0.003520,
  "max_drawdown": 0.011543,
  "trade_count": 17,
  "win_rate": 0.117647,
  "avg_trade_pnl": 2.070588,
  "sharpe": 0.001238
}
