{
  "total_return": -0.077500,
  "max_drawdown": 0.078560,
  "trade_count": 43,
  "win_rate": 0.209302,
  "avg_trade_pnl": -18.023256,
  "sharpe": -0.004443
}
