{
  "total_return": -0.004440,
  "max_drawdown": 0.018147,
  "trade_count": 30,
  "win_rate": 0.200000,
  "avg_trade_pnl": -1.480000,
  "sharpe": -0.001238
}
