{
  "total_return": -0.126380,
  "max_drawdown": 0.129990,
  "trade_count": 63,
  "win_rate": 0.349206,
  "avg_trade_pnl": -20.060317
}
