{
  "total_return": -0.169500,
  "max_drawdown": 0.174658,
  "trade_count": 55,
  "win_rate": 0.254545,
  "avg_trade_pnl": -30.818182
}
