{
  "total_return": -0.006920,
  "max_drawdown": 0.009755,
  "trade_count": 16,
  "win_rate": 0.125000,
  "avg_trade_pnl": -4.325000,
  "sharpe": -0.003797
}
