{
  "total_return": -0.006760,
  "max_drawdown": 0.011829,
  "trade_count": 28,
  "win_rate": 0.250000,
  "avg_trade_pnl": -2.414286,
  "sharpe": -0.001861
}
