{
  "total_return": -0.011600,
  "max_drawdown": 0.011600,
  "trade_count": 55,
  "win_rate": 0.109091,
  "avg_trade_pnl": -2.109091,
  "sharpe": -0.004550
}
