{
  "total_return": -0.047480,
  "max_drawdown": 0.047900,
  "trade_count": 17,
  "win_rate": 0.117647,
  "avg_trade_pnl": -27.929412,
  "sharpe": -0.006501
}
