{
  "total_return": -0.003840,
  "max_drawdown": 0.005749,
  "trade_count": 12,
  "win_rate": 0.250000,
  "avg_trade_pnl": -3.200000,
  "sharpe": -0.002692
}
