{
  "total_return": -0.421120,
  "max_drawdown": 0.424647,
  "trade_count": 117,
  "win_rate": 0.273504,
  "avg_trade_pnl": -35.993162
}
