{
  "total_return": -0.028540,
  "max_drawdown": 0.028660,
  "trade_count": 57,
  "win_rate": 0.210526,
  "avg_trade_pnl": -5.007018,
  "sharpe": -0.008970
}
