{
  "total_return": -0.211260,
  "max_drawdown": 0.214159,
  "trade_count": 127,
  "win_rate": 0.409449,
  "avg_trade_pnl": -16.651181
}
