{
  "total_return": 0.007000,
  "max_drawdown": 0.008643,
  "trade_count": 12,
  "win_rate": 0.666667,
  "avg_trade_pnl": 5.833333,
  "sharpe": 0.003788
}
