{
  "total_return": -0.000860,
  "max_drawdown": 0.009349,
  "trade_count": 18,
  "win_rate": 0.222222,
  "avg_trade_pnl": -0.477778,
  "sharpe": -0.000365
}
